,Per capita adjusted disposable income,Disposable income inequality,People at risk of poverty,Per capita net wealth,People living in absolute poverty,Severe material deprivation rate,Severe housing deprivation rate,Difficulties to make ends meet,Low work intensity,Housing cost overburden,Family economic conditions,Satisfaction with one's own life,Leisure satisfaction,Positive verdict on future prospects,Negative verdict on future prospects,TERRITORIO,ANNO
0,19110.4,4.8,12.8,,,3.4,7.2,11.6,8.9,12.0,,,,,,Piemonte,2004
1,19494.4,4.1,9.5,,,2.7,7.0,6.2,7.4,9.7,,,,,,Valle d'Aosta,2004
2,19237.1,5.2,13.3,,,2.8,5.4,8.9,12.4,14.6,,,,,,Liguria,2004
3,20444.0,4.9,10.0,,,2.4,4.9,9.1,7.5,12.6,,,,,,Lombardia,2004
4,20269.9,4.3,8.8,,,1.8,9.0,4.8,5.1,11.5,,,,,,Trentino-Alto Adige,2004
5,21304.4,4.3,8.3,,,3.2,7.1,4.6,7.4,13.0,,,,,,Provincia Autonoma di Bolzano/Bozen,2004
6,19274.5,4.2,9.3,,,,10.7,4.9,2.9,10.0,,,,,,Provincia Autonoma di Trento,2004
7,17654.2,4.1,9.8,,,3.4,6.2,9.9,7.0,12.3,,,,,,Veneto,2004
8,18425.5,4.1,9.0,,,3.2,4.6,10.3,8.1,8.4,,,,,,Friuli-Venezia Giulia,2004
9,20730.7,4.6,8.6,,,2.2,6.4,7.7,6.5,11.8,,,,,,Emilia-Romagna,2004
10,18608.9,4.0,9.6,,,2.5,4.5,11.5,6.8,10.9,,,,,,Toscana,2004
11,17394.7,4.2,11.7,,,3.4,6.8,10.2,9.9,8.4,,,,,,Umbria,2004
12,16270.4,4.1,11.6,,,4.0,7.9,10.6,8.0,8.9,,,,,,Marche,2004
13,18762.3,5.6,16.8,,,4.6,9.1,14.8,13.1,15.4,,,,,,Lazio,2004
14,14203.8,4.5,16.8,,,2.8,6.6,14.3,8.0,8.8,,,,,,Abruzzo,2004
15,12747.6,4.4,21.8,,,6.6,11.6,12.3,8.0,6.9,,,,,,Molise,2004
16,12262.0,6.2,35.6,,,17.5,15.1,26.2,21.1,15.5,,,,,,Campania,2004
17,12164.2,5.1,30.4,,,14.1,10.8,23.9,17.3,11.1,,,,,,Puglia,2004
18,12270.4,4.9,27.8,,,6.9,12.9,18.6,11.1,7.6,,,,,,Basilicata,2004
19,11363.1,6.1,35.8,,,14.6,14.4,27.0,19.9,12.6,,,,,,Calabria,2004
20,11799.0,6.9,39.5,,,16.5,15.0,28.3,22.5,12.0,,,,,,Sicilia,2004
21,12742.7,5.2,20.2,,,5.4,10.2,21.7,13.2,7.8,,,,,,Sardegna,2004
22,19598.2,4.7,10.3,91887.0,,2.8,5.9,9.3,7.7,12.2,,,,,,Nord,2004
23,19936.6,4.9,11.1,,,2.7,5.6,9.8,8.3,12.7,,,,,,Nord-ovest,2004
24,19126.8,4.4,9.2,,,2.8,6.3,8.7,6.8,11.6,,,,,,Nord-est,2004
25,18275.3,4.8,13.4,97180.0,,3.8,7.3,12.8,10.2,12.6,,,,,,Centro,2004
26,12210.6,6.0,32.7,47808.0,,14.0,13.1,24.8,18.7,12.1,,,,,,Mezzogiorno,2004
27,12295.1,5.7,31.8,,,14.1,12.8,23.9,18.0,12.7,,,,,,Sud,2004
28,12032.3,6.6,34.8,,,13.8,13.8,26.7,20.2,11.0,,,,,,Isole,2004
29,16712.9,5.6,18.9,77156.0,,7.0,8.8,15.5,12.3,12.2,,,,,,Italia,2004
30,19499.5,4.4,11.6,,,2.2,6.4,10.6,7.4,10.5,,,64.4,,,Piemonte,2005
31,19677.3,3.6,5.9,,,,4.2,7.4,7.9,8.9,,,70.4,,,Valle d'Aosta,2005
32,19704.3,4.5,15.3,,,3.6,6.0,9.9,11.0,13.9,,,70.9,,,Liguria,2005
33,20887.4,4.8,9.5,,,2.3,5.9,9.7,5.9,12.5,,,68.0,,,Lombardia,2005
34,20325.4,3.6,7.5,,,1.5,7.4,4.3,4.5,11.6,,,75.4,,,Trentino-Alto Adige,2005
35,21329.3,3.6,8.7,,,,6.8,5.5,5.3,14.7,,,82.5,,,Provincia Autonoma di Bolzano/Bozen,2005
36,19360.6,3.5,6.4,,,,8.1,3.2,3.7,8.7,,,68.6,,,Provincia Autonoma di Trento,2005
37,17965.5,4.0,10.4,,,3.0,4.9,10.5,5.8,11.3,,,62.4,,,Veneto,2005
38,18726.8,3.9,10.5,,,2.9,4.4,9.7,9.2,9.7,,,67.5,,,Friuli-Venezia Giulia,2005
39,21050.3,4.8,9.3,,,3.1,5.8,8.9,5.6,12.0,,,65.8,,,Emilia-Romagna,2005
40,18743.4,4.1,9.4,,,2.7,4.6,11.8,7.4,12.1,,,67.6,,,Toscana,2005
41,17633.2,4.5,13.1,,,3.8,6.7,10.4,8.1,10.9,,,68.8,,,Umbria,2005
42,16741.9,4.2,12.2,,,3.6,7.7,12.4,8.4,10.4,,,62.5,,,Marche,2005
43,19128.1,5.5,16.3,,,3.9,8.7,13.4,9.9,14.6,,,64.4,,,Lazio,2005
44,14618.3,4.0,18.0,,,5.0,7.5,15.1,7.0,9.6,,,64.9,,,Abruzzo,2005
45,13220.0,4.2,24.8,,,4.2,4.7,9.4,7.2,8.4,,,65.8,,,Molise,2005
46,12526.0,6.4,33.5,,,15.5,13.8,25.3,20.4,15.0,,,60.1,,,Campania,2005
47,12388.1,5.2,33.9,,,11.1,9.3,23.2,14.8,11.5,,,54.0,,,Puglia,2005
48,12568.8,4.6,30.6,,,9.2,6.9,24.0,12.7,10.6,,,63.8,,,Basilicata,2005
49,11659.4,6.8,39.0,,,15.8,13.6,20.2,18.6,17.0,,,57.6,,,Calabria,2005
50,12139.1,6.9,40.9,,,18.3,11.6,26.4,20.9,14.3,,,58.5,,,Sicilia,2005
51,12957.9,4.5,22.5,,,10.5,8.5,25.5,13.8,9.3,,,61.2,,,Sardegna,2005
52,19970.5,4.5,10.3,,2.3,2.6,5.8,9.6,6.5,11.8,,,66.5,,,Nord,2005
53,20367.2,4.7,10.7,,,2.4,6.1,9.9,6.8,12.1,,,67.3,,,Nord-ovest,2005
54,19418.5,4.3,9.8,,,2.9,5.4,9.3,6.0,11.5,,,65.4,,,Nord-est,2005
55,18571.8,4.8,13.3,,2.7,3.5,7.1,12.5,8.8,13.0,,,65.5,,,Centro,2005
56,12499.0,6.0,33.8,,5.0,13.9,11.2,23.8,17.5,13.3,,,58.9,,,Mezzogiorno,2005
57,12573.5,5.8,32.6,,,12.8,11.4,22.6,16.8,13.6,,,58.7,,,Sud,2005
58,12341.6,6.4,36.3,,,16.4,10.9,26.2,19.1,13.2,,,59.2,,,Isole,2005
59,17051.8,5.4,19.2,,3.3,6.8,8.0,15.2,11.0,12.6,,,63.7,,,Italia,2005
60,20273.0,4.3,11.6,,,4.2,6.2,12.9,9.1,12.2,,,65.3,,,Piemonte,2006
61,20143.4,4.4,6.2,,,,6.4,7.0,6.3,9.5,,,71.5,,,Valle d'Aosta,2006
62,20375.5,4.2,13.9,,,3.4,7.1,10.7,12.6,15.1,,,69.6,,,Liguria,2006
63,21590.4,5.0,10.6,,,2.3,7.2,10.1,7.5,11.8,,,69.0,,,Lombardia,2006
64,20827.9,3.8,6.2,,,1.4,6.1,4.2,4.7,11.9,,,73.5,,,Trentino-Alto Adige,2006
65,21906.5,4.2,6.3,,,2.3,3.8,4.2,4.3,12.5,,,79.4,,,Provincia Autonoma di Bolzano/Bozen,2006
66,19790.3,3.3,6.1,,,,8.4,4.1,5.1,11.3,,,67.8,,,Provincia Autonoma di Trento,2006
67,18475.0,4.3,10.8,,,3.2,5.0,10.9,6.6,12.4,,,63.1,,,Veneto,2006
68,19357.0,3.9,11.6,,,3.8,5.3,11.7,10.3,9.5,,,61.6,,,Friuli-Venezia Giulia,2006
69,21814.1,4.5,9.1,,,2.4,6.1,10.8,5.2,12.5,,,67.1,,,Emilia-Romagna,2006
70,19288.6,4.0,8.6,,,3.2,3.5,11.3,6.5,11.8,,,65.9,,,Toscana,2006
71,17966.1,4.6,15.4,,,2.5,8.0,10.9,9.4,10.7,,,65.2,,,Umbria,2006
72,17261.4,4.4,13.4,,,4.8,5.5,11.6,7.6,9.0,,,67.5,,,Marche,2006
73,19538.8,5.4,16.1,,,3.6,9.4,13.3,12.2,13.9,,,60.5,,,Lazio,2006
74,15092.6,4.6,17.3,,,3.9,5.5,13.0,8.8,9.5,,,65.9,,,Abruzzo,2006
75,13977.6,4.4,26.7,,,4.2,10.0,11.3,7.7,9.4,,,61.2,,,Molise,2006
76,12871.4,5.9,35.1,,,14.5,13.7,24.1,18.1,15.5,,,57.9,,,Campania,2006
77,12795.8,4.9,35.1,,,12.8,9.6,22.4,17.2,10.9,,,55.6,,,Puglia,2006
78,13024.1,5.0,28.5,,,7.4,9.1,20.9,13.4,9.5,,,62.0,,,Basilicata,2006
79,12165.0,5.4,35.0,,,10.8,13.9,21.4,15.1,13.0,,,59.3,,,Calabria,2006
80,12477.9,6.4,39.7,,,15.2,10.5,25.4,19.6,12.3,,,55.5,,,Sicilia,2006
81,13405.0,5.0,21.2,,,10.0,9.7,23.6,13.3,7.4,,,58.5,,,Sardegna,2006
82,20647.3,4.6,10.6,107176.0,2.2,2.9,6.3,10.7,7.5,12.2,,,66.9,,,Nord,2006
83,21086.3,4.8,11.2,,,2.9,6.9,10.9,8.4,12.3,,,68.1,,,Nord-ovest,2006
84,20037.5,4.3,9.9,,,2.8,5.5,10.4,6.3,12.2,,,65.4,,,Nord-est,2006
85,19034.8,4.8,13.3,127642.0,2.6,3.5,6.9,12.2,9.6,12.4,,,63.6,,,Centro,2006
86,12896.9,5.7,33.7,52981.0,3.8,12.6,11.1,22.8,16.8,12.3,,,57.8,,,Mezzogiorno,2006
87,12986.7,5.4,33.0,,,11.9,11.5,21.8,16.2,13.0,,,58.5,,,Sud,2006
88,12707.3,6.3,35.1,,,13.9,10.3,24.9,18.1,11.2,,,56.3,,,Isole,2006
89,17597.9,5.4,19.3,91930.0,2.9,6.4,8.1,15.3,11.3,12.3,,,63.1,,,Italia,2006
90,20620.2,4.3,11.4,,,4.6,5.7,15.4,8.3,8.3,,,62.0,,,Piemonte,2007
91,20585.6,3.7,8.6,,,,6.4,5.8,4.9,7.0,,,67.4,,,Valle d'Aosta,2007
92,21284.0,4.3,15.3,,,2.3,5.2,11.8,12.9,9.9,,,66.7,,,Liguria,2007
93,22184.9,4.5,11.2,,,3.0,7.0,11.6,6.5,8.1,,,65.6,,,Lombardia,2007
94,21647.1,3.8,6.2,,,1.6,5.0,3.9,3.9,4.9,,,74.2,,,Trentino-Alto Adige,2007
95,22688.5,4.2,7.2,,,2.5,4.6,4.8,4.9,6.6,,,82.2,,,Provincia Autonoma di Bolzano/Bozen,2007
96,20644.6,3.3,5.3,,,,5.4,3.0,2.9,3.3,,,66.6,,,Provincia Autonoma di Trento,2007
97,18901.9,3.9,11.3,,,3.4,5.6,11.8,5.8,7.9,,,61.7,,,Veneto,2007
98,20184.3,3.9,10.0,,,4.1,4.2,11.6,8.5,4.7,,,64.1,,,Friuli-Venezia Giulia,2007
99,22617.7,4.6,8.4,,,3.3,6.3,12.9,5.0,6.7,,,66.0,,,Emilia-Romagna,2007
100,19755.3,4.1,9.2,,,3.8,4.1,12.2,6.1,7.0,,,66.1,,,Toscana,2007
101,18366.6,4.4,13.5,,,2.7,5.6,11.0,8.2,6.5,,,62.2,,,Umbria,2007
102,17730.2,4.2,11.8,,,4.4,5.7,12.1,6.9,5.8,,,64.6,,,Marche,2007
103,20330.6,5.0,16.2,,,5.8,9.0,15.4,10.4,7.0,,,62.8,,,Lazio,2007
104,15636.9,4.7,20.5,,,5.3,4.5,16.0,10.0,5.2,,,57.8,,,Abruzzo,2007
105,14556.2,4.3,28.4,,,6.7,8.7,19.1,10.4,4.3,,,62.2,,,Molise,2007
106,13209.6,6.4,36.7,,,14.3,12.5,23.8,15.8,8.8,,,56.5,,,Campania,2007
107,13105.4,4.9,31.8,,,12.8,6.7,22.3,12.9,6.1,,,54.4,,,Puglia,2007
108,13507.4,4.8,29.8,,,7.7,10.3,23.2,14.1,7.3,,,58.8,,,Basilicata,2007
109,12505.3,5.4,33.7,,,12.0,11.0,25.6,16.3,6.9,,,58.6,,,Calabria,2007
110,12771.8,5.7,41.9,,,16.7,9.5,28.2,19.5,9.6,,,55.1,,,Sicilia,2007
111,13886.1,5.0,21.8,,,8.5,10.9,19.0,12.2,4.2,,,56.3,,,Sardegna,2007
112,21241.8,4.4,10.8,,2.6,3.3,6.1,12.2,6.7,7.7,,,64.7,,,Nord,2007
113,21643.2,4.5,11.6,,,3.4,6.5,12.6,7.6,8.4,,,64.7,,,Nord-ovest,2007
114,20685.7,4.2,9.6,,,3.3,5.6,11.5,5.6,6.9,,,64.7,,,Nord-est,2007
115,19650.7,4.6,13.2,,2.8,4.7,6.7,13.6,8.5,6.8,,,64.1,,,Centro,2007
116,13251.9,5.6,34.2,,3.8,13.0,9.7,23.8,15.4,7.6,,,56.2,,,Mezzogiorno,2007
117,13348.9,5.6,32.9,,,12.3,9.7,22.8,14.3,7.3,,,56.5,,,Sud,2007
118,13047.6,5.6,36.9,,,14.7,9.8,25.9,17.7,8.3,,,55.4,,,Isole,2007
119,18122.4,5.2,19.5,,3.1,7.0,7.5,16.6,10.2,7.5,,,61.6,,,Italia,2007
120,20785.4,4.3,12.1,,,3.3,6.2,14.6,6.8,10.0,,,67.6,,,Piemonte,2008
121,21098.6,4.9,9.0,,,,4.3,6.8,3.2,6.9,,,67.2,,,Valle d'Aosta,2008
122,21415.1,4.2,14.4,,,3.5,5.0,12.1,12.4,11.3,,,67.1,,,Liguria,2008
123,22500.4,4.8,10.3,,,3.1,6.2,14.0,5.5,9.2,,,65.4,,,Lombardia,2008
124,22108.1,4.4,6.8,,,2.0,6.0,7.4,4.0,5.3,,,71.6,,,Trentino-Alto Adige,2008
125,23097.8,4.4,8.7,,,,5.6,8.4,5.3,6.8,,,77.2,,,Provincia Autonoma di Bolzano/Bozen,2008
126,21156.9,4.2,5.0,,,,6.4,6.3,2.8,3.8,,,66.4,,,Provincia Autonoma di Trento,2008
127,19042.6,4.0,10.7,,,2.9,6.3,13.0,5.4,8.0,,,63.0,,,Veneto,2008
128,20183.7,4.0,11.2,,,3.8,4.2,9.9,7.9,4.7,,,67.3,,,Friuli-Venezia Giulia,2008
129,22458.6,4.7,8.7,,,3.2,6.2,9.8,4.8,9.2,,,66.6,,,Emilia-Romagna,2008
130,19918.8,4.3,9.2,,,3.9,5.0,12.8,7.6,7.6,,,65.0,,,Toscana,2008
131,18516.4,3.8,13.0,,,3.2,5.4,12.0,7.5,6.0,,,66.1,,,Umbria,2008
132,17961.5,4.5,12.2,,,4.0,3.8,10.5,4.7,6.5,,,66.8,,,Marche,2008
133,20463.1,5.3,15.1,,,6.2,8.0,18.5,10.3,8.2,,,64.4,,,Lazio,2008
134,15918.4,3.9,20.0,,,4.9,5.3,14.3,9.5,5.6,,,64.7,,,Abruzzo,2008
135,14620.5,5.2,26.3,,,3.5,7.6,15.8,10.0,4.5,,,64.1,,,Molise,2008
136,13317.4,6.0,38.6,,,16.6,11.9,31.9,20.0,11.1,,,56.7,,,Campania,2008
137,13150.5,5.3,27.7,,,14.8,5.9,25.7,13.4,7.8,,,54.8,,,Puglia,2008
138,13568.0,4.5,30.2,,,11.7,10.2,26.3,13.0,6.6,,,59.1,,,Basilicata,2008
139,12642.5,5.7,35.6,,,10.0,10.5,28.2,17.3,6.9,,,62.3,,,Calabria,2008
140,13016.3,6.0,38.4,,,18.0,10.0,32.6,18.8,6.5,,,55.5,,,Sicilia,2008
141,14146.3,4.7,23.1,,,12.4,8.9,20.9,15.2,4.9,,,61.4,,,Sardegna,2008
142,21407.8,4.5,10.5,114465.0,2.7,3.1,6.0,12.7,6.0,8.9,,,65.9,,,Nord,2008
143,21899.6,4.6,11.2,,,3.2,6.0,13.9,6.5,9.6,,,66.2,,,Nord-ovest,2008
144,20728.2,4.3,9.6,,,3.0,6.0,11.0,5.3,7.8,,,65.6,,,Nord-est,2008
145,19808.1,4.8,12.7,124130.0,2.8,5.0,6.3,15.1,8.5,7.6,,,65.1,,,Centro,2008
146,13405.5,5.6,33.3,61633.0,5.2,14.5,9.3,28.1,16.8,7.9,,,57.7,,,Mezzogiorno,2008
147,13457.5,5.5,32.7,,,13.6,9.2,27.4,16.3,8.7,,,58.0,,,Sud,2008
148,13295.8,5.8,34.6,,,16.6,9.7,29.7,17.9,6.1,,,57.0,,,Isole,2008
149,18294.5,5.3,18.9,97789.0,3.6,7.5,7.2,18.6,10.4,8.3,,,62.9,,,Italia,2008
150,19741.0,4.9,10.6,,,5.7,5.7,11.9,6.5,8.7,,,64.2,,,Piemonte,2009
151,20727.8,4.2,9.3,,,,5.8,5.7,3.6,6.1,,,71.7,,,Valle d'Aosta,2009
152,20644.4,4.4,10.4,,,1.7,4.2,9.5,9.1,8.0,,,68.9,,,Liguria,2009
153,21606.6,4.8,10.3,,,4.7,5.3,12.2,5.8,9.5,,,67.0,,,Lombardia,2009
154,21817.7,4.0,7.9,,,,6.4,4.9,3.7,6.0,,,73.4,,,Trentino-Alto Adige,2009
155,22973.2,3.9,8.2,,,,5.5,5.0,4.3,8.4,,,77.8,,,Provincia Autonoma di Bolzano/Bozen,2009
156,20708.7,3.9,7.5,,,,7.2,4.8,3.2,3.6,,,69.2,,,Provincia Autonoma di Trento,2009
157,18463.9,3.9,10.1,,,3.9,6.3,11.9,4.3,7.7,,,63.4,,,Veneto,2009
158,19517.3,4.1,10.7,,,4.0,5.2,11.4,5.9,4.1,,,67.3,,,Friuli-Venezia Giulia,2009
159,21476.7,4.5,9.4,,,3.5,7.4,11.8,4.8,7.9,,,67.7,,,Emilia-Romagna,2009
160,19394.0,4.3,9.6,,,3.8,5.9,11.5,6.6,6.2,,,68.9,,,Toscana,2009
161,17901.1,3.8,11.9,,,4.3,4.5,12.6,6.5,4.7,,,67.9,,,Umbria,2009
162,17450.5,4.1,11.0,,,4.0,6.1,11.5,5.8,6.0,,,64.4,,,Marche,2009
163,20073.9,5.4,15.9,,,6.1,9.4,16.3,8.1,7.1,,,64.4,,,Lazio,2009
164,15568.4,4.7,21.9,,,4.9,9.2,17.4,7.4,4.4,,,63.3,,,Abruzzo,2009
165,14302.4,5.1,29.0,,,4.2,7.4,13.0,11.2,5.8,,,64.5,,,Molise,2009
166,13041.3,6.3,35.6,,,12.2,11.1,30.0,15.6,10.0,,,58.7,,,Campania,2009
167,12857.6,5.0,27.0,,,11.9,6.0,22.8,13.4,8.4,,,58.1,,,Puglia,2009
168,13289.3,4.9,32.9,,,10.3,12.7,23.0,14.0,5.1,,,60.7,,,Basilicata,2009
169,12556.2,5.7,35.3,,,10.7,9.9,23.1,16.9,7.6,,,65.4,,,Calabria,2009
170,12959.1,6.5,38.5,,,18.5,10.4,30.9,16.6,7.4,,,57.5,,,Sicilia,2009
171,14098.8,4.5,21.6,,,10.5,10.3,16.9,14.2,4.2,,,58.1,,,Sardegna,2009
172,20576.0,4.6,10.1,,3.1,4.2,5.9,11.5,5.6,8.3,,,66.4,,,Nord,2009
173,20981.7,4.8,10.4,,,4.6,5.3,11.8,6.3,9.2,,,66.5,,,Nord-ovest,2009
174,20016.3,4.2,9.7,,,3.5,6.6,11.2,4.6,7.2,,,66.4,,,Nord-est,2009
175,19343.5,4.8,12.9,,2.1,5.0,7.5,13.9,7.2,6.5,,,66.1,,,Centro,2009
176,13210.5,5.8,32.4,,6.0,12.7,9.6,25.8,14.8,7.8,,,59.4,,,Mezzogiorno,2009
177,13196.2,5.6,31.5,,,10.9,9.3,25.1,14.3,8.4,,,60.2,,,Sud,2009
178,13240.7,6.2,34.3,,,16.5,10.4,27.4,16.0,6.6,,,57.7,,,Isole,2009
179,17766.3,5.4,18.4,,3.9,7.3,7.5,17.0,9.2,7.8,,,63.9,,,Italia,2009
180,19799.6,5.3,13.2,,,4.7,9.5,13.5,8.2,7.6,,45.7,67.1,,,Piemonte,2010
181,20771.1,4.0,9.2,,,,6.8,3.8,9.3,5.4,,55.9,69.5,,,Valle d'Aosta,2010
182,20197.2,4.5,11.1,,,2.7,2.7,10.6,9.5,9.3,,46.3,68.6,,,Liguria,2010
183,21529.6,4.6,10.7,,,3.2,5.8,11.9,6.9,8.0,,49.1,67.7,,,Lombardia,2010
184,21831.2,4.1,7.6,,,2.6,4.8,6.3,5.6,5.9,,62.9,75.7,,,Trentino-Alto Adige,2010
185,22878.7,3.9,7.3,,,,3.4,5.4,6.2,5.9,,65.7,79.7,,,Provincia Autonoma di Bolzano/Bozen,2010
186,20826.3,4.3,7.8,,,,6.0,7.2,4.9,5.9,,60.2,71.9,,,Provincia Autonoma di Trento,2010
187,18582.4,4.1,11.7,,,4.1,6.0,9.7,7.0,6.6,,46.8,66.2,,,Veneto,2010
188,19536.5,4.0,10.6,,,2.5,5.6,10.7,6.5,4.8,,46.8,66.3,,,Friuli-Venezia Giulia,2010
189,21098.7,4.6,7.8,,,4.2,5.9,12.1,6.2,7.9,,47.0,67.5,,,Emilia-Romagna,2010
190,19165.0,4.6,11.5,,,5.1,4.5,16.0,8.4,6.1,,44.5,68.2,,,Toscana,2010
191,18025.4,4.2,11.8,,,4.1,3.9,12.5,7.4,5.2,,43.6,63.5,,,Umbria,2010
192,17608.7,4.5,12.9,,,4.9,8.3,13.7,8.0,6.2,,40.8,68.1,,,Marche,2010
193,20009.4,5.6,15.9,,,6.2,7.6,15.3,9.7,8.4,,36.9,63.9,,,Lazio,2010
194,15356.5,4.8,20.8,,,5.4,8.1,17.6,10.2,6.6,,41.1,63.9,,,Abruzzo,2010
195,14115.7,4.7,25.0,,,7.5,8.0,18.9,10.5,4.1,,46.2,61.5,,,Molise,2010
196,12900.6,6.9,36.2,,,13.9,10.1,29.7,18.1,11.2,,32.1,57.2,,,Campania,2010
197,12862.4,5.4,27.4,,,11.5,6.1,22.0,14.8,7.0,,39.5,60.0,,,Puglia,2010
198,13045.4,6.6,25.9,,,9.3,6.6,21.0,16.0,7.5,,42.8,58.3,,,Basilicata,2010
199,12257.8,6.3,32.7,,,11.6,8.6,24.4,17.5,4.9,,43.1,64.2,,,Calabria,2010
200,12842.0,7.7,38.6,,,19.5,9.3,35.3,16.2,9.1,,41.3,58.2,,,Sicilia,2010
201,14067.2,5.5,18.3,,,7.6,6.2,13.2,12.4,4.5,,43.2,60.3,,,Sardegna,2010
202,20496.9,4.6,10.7,121152.0,3.5,3.7,6.2,11.4,7.1,7.5,,48.0,67.6,,,Nord,2010
203,20908.2,4.8,11.4,,,3.5,6.6,12.2,7.5,8.0,,47.9,67.6,,,Nord-ovest,2010
204,19929.6,4.3,9.7,,,3.8,5.8,10.4,6.5,6.8,,48.3,67.5,,,Nord-est,2010
205,19272.5,5.1,13.8,133505.0,4.5,5.5,6.4,15.1,8.9,7.2,,40.4,65.8,,,Centro,2010
206,13089.8,6.5,31.9,64201.0,4.8,13.3,8.4,26.5,15.8,8.2,,38.9,59.5,,,Mezzogiorno,2010
207,13063.9,6.1,31.0,,,11.8,8.4,25.0,16.1,8.3,,37.5,59.8,,,Sud,2010
208,13144.3,7.5,33.6,,,16.6,8.5,29.8,15.2,8.0,,41.8,58.7,,,Isole,2010
209,17680.2,5.7,18.7,103725.0,4.2,7.4,7.0,17.4,10.6,7.7,,43.4,64.4,,,Italia,2010
210,20298.0,5.1,13.2,,,7.8,6.6,12.6,8.6,8.5,,48.5,64.0,,,Piemonte,2011
211,21049.3,4.3,8.5,,,4.9,6.0,8.5,6.3,4.5,,53.5,67.8,,,Valle d'Aosta,2011
212,20753.3,5.9,12.0,,,6.8,6.3,12.6,7.2,9.5,,53.1,72.4,,,Liguria,2011
213,22122.6,4.5,9.5,,,6.3,7.2,12.2,5.7,7.9,,48.1,68.9,,,Lombardia,2011
214,22144.2,4.1,9.4,,,2.1,4.8,4.4,5.2,5.5,,60.5,71.7,,,Trentino-Alto Adige,2011
215,23295.1,3.8,8.5,,,,5.2,4.2,3.6,5.5,,64.6,79.4,,,Provincia Autonoma di Bolzano/Bozen,2011
216,21039.8,4.0,10.3,,,2.5,4.4,4.5,6.8,5.4,,56.5,64.4,,,Provincia Autonoma di Trento,2011
217,19085.7,4.4,11.1,,,4.1,6.2,7.7,6.2,5.2,,46.4,64.8,,,Veneto,2011
218,20071.0,4.5,9.5,,,6.5,3.9,9.4,5.6,5.1,,48.8,67.2,,,Friuli-Venezia Giulia,2011
219,21649.7,4.4,8.9,,,6.6,6.4,9.3,5.8,8.0,,48.8,68.5,,,Emilia-Romagna,2011
220,19529.1,4.3,12.4,,,7.8,6.5,13.3,9.3,8.3,,45.7,66.0,,,Toscana,2011
221,18558.6,4.2,12.9,,,5.7,4.7,6.7,8.3,7.1,,45.4,70.3,,,Umbria,2011
222,17880.9,4.6,13.1,,,10.6,10.8,16.8,7.0,7.4,,47.1,69.5,,,Marche,2011
223,20158.4,5.9,17.2,,,6.2,11.5,11.5,8.3,9.4,,39.3,64.0,,,Lazio,2011
224,15906.1,4.6,25.8,,,13.2,13.4,21.2,8.7,11.4,,46.3,63.0,,,Abruzzo,2011
225,14466.0,5.1,23.7,,,12.1,12.1,16.0,15.1,3.8,,47.5,67.3,,,Molise,2011
226,13044.7,7.6,36.8,,,18.3,17.0,24.3,18.2,13.9,,38.5,57.2,,,Campania,2011
227,13313.4,5.5,30.3,,,20.4,7.6,23.5,13.3,6.0,,43.8,59.2,,,Puglia,2011
228,13238.5,6.3,31.1,,,24.3,7.1,19.3,18.2,8.5,,49.2,61.7,,,Basilicata,2011
229,12518.6,6.2,33.6,,,20.9,8.6,25.3,15.7,9.5,,47.9,62.4,,,Calabria,2011
230,13030.6,6.5,44.6,,,25.7,10.5,44.3,20.7,11.3,,45.7,54.4,,,Sicilia,2011
231,14322.3,4.3,23.0,,,10.0,4.1,19.9,17.6,7.7,,45.4,63.7,,,Sardegna,2011
232,21037.8,4.6,10.4,,3.4,6.1,6.5,10.6,6.3,7.4,,48.8,67.5,,,Nord,2011
233,21470.9,4.8,10.8,,,6.7,6.9,12.3,6.7,8.2,,48.8,67.9,,,Nord-ovest,2011
234,20439.7,4.4,9.9,,,5.1,5.9,8.2,5.9,6.3,,48.8,67.1,,,Nord-est,2011
235,19537.3,5.1,14.8,,4.0,7.3,9.3,12.4,8.4,8.6,,42.9,65.9,,,Centro,2011
236,13355.4,6.3,34.9,,6.1,19.8,11.2,28.3,16.9,10.4,,43.7,58.6,,,Mezzogiorno,2011
237,13358.5,6.4,32.9,,,18.9,12.2,23.5,15.5,10.3,,42.8,59.5,,,Sud,2011
238,13349.0,6.2,39.3,,,21.8,8.9,38.3,19.9,10.5,,45.7,56.8,,,Isole,2011
239,18077.0,5.6,19.8,,4.4,11.1,8.7,17.1,10.5,8.7,,45.9,64.1,,,Italia,2011
240,19647.9,4.6,12.9,,,7.3,5.4,8.8,8.3,7.6,,41.1,69.5,21.7,23.7,Piemonte,2012
241,20467.1,4.2,9.7,,,8.3,5.4,10.6,8.7,9.8,,43.7,68.2,23.8,22.3,Valle d'Aosta,2012
242,20275.5,5.9,14.3,,,8.6,7.6,14.9,7.7,12.6,,35.5,71.0,19.5,21.1,Liguria,2012
243,21402.7,4.6,9.1,,,10.5,6.0,13.7,4.9,6.3,,40.9,69.8,32.0,18.4,Lombardia,2012
244,21680.4,3.9,10.7,,,5.1,10.5,7.5,5.0,5.4,,53.9,74.6,22.8,16.1,Trentino-Alto Adige,2012
245,22974.4,3.7,9.1,,,4.0,10.5,4.4,,4.2,,62.0,81.0,22.9,15.1,Provincia Autonoma di Bolzano/Bozen,2012
246,20438.8,4.3,12.2,,,6.2,10.5,10.5,7.1,6.6,,46.1,68.4,22.7,17.1,Provincia Autonoma di Trento,2012
247,18392.4,4.1,12.0,,,4.2,6.3,7.6,5.4,7.0,,40.2,69.6,29.0,21.8,Veneto,2012
248,19293.3,3.9,11.5,,,6.4,3.4,8.2,6.9,4.8,,41.2,65.3,27.2,21.0,Friuli-Venezia Giulia,2012
249,21112.3,4.7,8.8,,,7.3,6.5,11.4,6.1,8.4,,39.0,66.0,24.0,25.3,Emilia-Romagna,2012
250,19031.6,4.4,11.4,,,9.3,7.1,10.2,9.1,7.6,,32.3,68.8,22.7,30.1,Toscana,2012
251,17870.4,4.2,11.9,,,10.0,4.2,10.3,8.4,6.5,,36.5,66.6,27.7,23.0,Umbria,2012
252,17425.6,4.4,14.6,,,10.5,12.1,15.0,8.3,6.3,,37.8,68.6,24.1,23.9,Marche,2012
253,19167.0,6.1,19.0,,,10.6,8.0,15.9,9.5,9.2,,30.9,66.0,24.3,23.4,Lazio,2012
254,15344.3,4.4,20.4,,,8.1,8.6,18.5,10.5,8.9,,39.0,65.6,22.9,20.8,Abruzzo,2012
255,13959.7,6.1,26.8,,,10.0,9.6,12.6,11.5,5.9,,37.2,69.0,25.0,22.2,Molise,2012
256,12604.1,10.0,36.7,,,21.8,17.9,26.2,18.6,13.7,,21.8,56.5,20.9,26.6,Campania,2012
257,13080.6,4.8,29.6,,,34.0,8.0,20.5,15.6,8.0,,32.2,61.2,19.9,26.9,Puglia,2012
258,12978.3,5.7,32.0,,,23.5,5.4,15.6,15.0,7.6,,30.7,63.1,24.6,19.7,Basilicata,2012
259,12173.0,5.7,31.8,,,22.2,12.5,21.5,18.5,6.7,,33.1,65.5,25.4,21.7,Calabria,2012
260,12751.2,8.4,41.9,,,35.9,9.9,45.7,19.1,8.7,,29.0,60.4,19.7,28.0,Sicilia,2012
261,14195.5,5.1,19.8,,,8.7,5.8,18.8,16.1,4.0,,37.9,62.2,26.6,23.0,Sardegna,2012
262,20387.1,4.6,10.6,113028.0,5.5,7.8,6.2,11.0,6.0,7.3,,40.7,69.1,27.2,21.2,Nord,2012
263,20797.7,4.7,10.7,,,9.4,6.0,12.4,6.1,7.4,,40.5,69.8,27.8,20.2,Nord-ovest,2012
264,19819.6,4.4,10.6,,,5.7,6.4,9.1,5.8,7.2,,41.0,68.2,26.3,22.6,Nord-est,2012
265,18798.0,5.2,15.5,113762.0,4.6,10.1,8.0,13.6,9.1,8.1,,32.7,67.3,24.0,25.6,Centro,2012
266,13025.5,7.2,33.4,72888.0,7.3,25.6,11.5,27.8,17.3,9.3,,29.6,60.7,21.6,25.6,Mezzogiorno,2012
267,12986.6,6.9,32.0,,,23.9,12.7,22.5,16.7,10.2,,28.8,60.6,21.7,25.1,Sud,2012
268,13107.3,7.7,36.4,,,29.2,8.8,39.1,18.4,7.5,,31.2,60.9,21.4,26.8,Isole,2012
269,17528.2,5.8,19.5,99304.0,5.9,14.5,8.4,17.3,10.6,8.1,,35.3,65.8,24.6,23.6,Italia,2012
270,19640.7,4.7,11.1,,,5.0,6.9,8.9,6.9,8.6,,36.2,64.7,19.3,27.0,Piemonte,2013
271,20232.1,3.6,9.5,,,9.2,9.5,11.1,9.5,4.9,,47.1,66.7,24.5,19.6,Valle d'Aosta,2013
272,20245.3,5.7,15.6,,,8.1,8.3,18.3,9.4,11.8,,37.6,70.4,20.1,24.0,Liguria,2013
273,21434.8,4.7,8.4,,,9.2,5.9,11.5,6.1,8.2,,40.7,66.3,28.1,18.9,Lombardia,2013
274,22090.2,4.1,9.3,,,3.5,7.4,3.9,5.0,3.8,,54.0,74.2,25.1,15.8,Trentino-Alto Adige,2013
275,23312.9,3.8,9.0,,,,8.3,,,,,63.4,79.9,25.8,14.3,Provincia Autonoma di Bolzano/Bozen,2013
276,20916.8,3.7,9.5,,,4.8,6.5,6.6,3.4,5.2,,45.1,68.7,24.5,17.2,Provincia Autonoma di Trento,2013
277,18617.3,4.0,10.3,,,3.8,7.2,9.1,6.8,5.0,,40.7,65.6,27.6,22.4,Veneto,2013
278,19502.9,3.7,9.8,,,6.6,4.0,9.0,5.8,5.8,,42.2,63.8,26.1,20.8,Friuli-Venezia Giulia,2013
279,21309.2,4.7,10.9,,,8.9,8.4,10.2,5.7,10.4,,35.6,65.8,26.5,25.9,Emilia-Romagna,2013
280,19053.1,4.3,12.1,,,4.8,8.9,11.9,8.6,10.6,,35.6,65.8,23.1,27.9,Toscana,2013
281,17713.3,5.2,14.8,,,8.6,9.0,11.7,8.4,8.8,,36.3,69.3,23.9,28.2,Umbria,2013
282,17635.9,4.4,12.7,,,9.4,13.0,15.6,8.2,6.3,,38.2,66.9,19.5,25.6,Marche,2013
283,19064.2,6.5,18.0,,,7.1,8.0,14.7,9.0,9.9,,31.6,60.9,25.8,22.0,Lazio,2013
284,15455.2,5.3,18.7,,,8.6,7.1,22.6,9.9,6.0,,37.5,64.6,27.3,23.1,Abruzzo,2013
285,13838.7,4.9,30.8,,,18.9,11.4,19.7,18.0,9.3,,35.4,66.5,22.8,21.5,Molise,2013
286,12555.3,7.6,37.6,,,21.9,14.3,34.9,19.5,14.6,,24.2,56.7,21.4,21.8,Campania,2013
287,13132.4,5.0,29.6,,,24.7,9.8,30.2,14.8,5.3,,29.3,59.0,22.1,26.6,Puglia,2013
288,12969.0,4.5,33.1,,,20.7,5.5,13.5,20.6,8.7,,33.2,64.0,29.4,17.8,Basilicata,2013
289,12153.4,5.9,33.6,,,19.7,9.4,18.1,17.9,5.5,,35.4,61.3,23.2,22.4,Calabria,2013
290,12703.6,8.9,40.9,,,28.9,12.5,46.2,25.3,11.6,,28.2,54.7,18.1,27.8,Sicilia,2013
291,14547.8,5.5,21.3,,,13.6,8.3,25.6,15.2,6.3,,36.9,61.1,26.9,18.6,Sardegna,2013
292,20493.2,4.6,10.1,,5.5,7.1,6.8,10.4,6.4,8.0,,39.6,66.3,25.6,22.2,Nord,2013
293,20812.9,4.8,9.9,,,8.0,6.5,11.5,6.6,8.6,,39.2,66.3,24.8,21.6,Nord-ovest,2013
294,20051.2,4.3,10.4,,,6.0,7.3,9.0,6.1,7.0,,40.1,66.2,26.8,23.0,Nord-est,2013
295,18773.0,5.4,15.2,,5.9,6.8,9.0,13.7,8.7,9.6,,34.1,63.9,24.0,24.8,Centro,2013
296,13041.9,6.7,33.8,,10.6,22.4,11.3,32.8,19.0,9.7,,29.6,58.3,22.0,24.0,Mezzogiorno,2013
297,12986.4,6.2,32.6,,,21.0,11.2,28.8,17.1,9.4,,29.2,59.3,22.8,23.2,Sud,2013
298,13158.6,8.0,36.1,,,25.1,11.5,41.1,22.8,10.3,,30.4,56.3,20.3,25.5,Isole,2013
299,17586.4,5.8,19.3,,7.3,12.3,8.8,18.8,11.3,8.9,,35.0,63.1,24.0,23.3,Italia,2013
300,19805.2,4.3,13.8,,,5.3,6.5,9.3,7.2,10.1,,40.2,66.7,26.1,18.7,Piemonte,2014
301,20363.6,3.8,8.4,,,9.4,9.2,16.2,6.7,7.3,,46.3,68.8,27.0,17.8,Valle d'Aosta,2014
302,20455.2,5.3,16.6,,,12.7,8.3,17.6,10.1,12.9,,39.3,71.6,22.3,22.8,Liguria,2014
303,21543.4,5.2,9.0,,,8.5,8.4,11.4,7.1,6.9,,41.3,68.4,30.0,15.1,Lombardia,2014
304,21948.7,4.1,7.7,,,3.1,7.8,4.6,4.6,4.5,,54.2,75.9,28.0,13.4,Trentino-Alto Adige,2014
305,23568.3,3.8,5.4,,,,8.5,,,2.6,,57.5,79.4,28.3,11.4,Provincia Autonoma di Bolzano/Bozen,2014
306,20391.8,4.0,10.0,,,2.8,7.2,7.4,6.8,6.4,,51.2,72.6,27.8,15.4,Provincia Autonoma di Trento,2014
307,18807.7,3.8,11.6,,,4.7,7.2,7.5,5.5,5.8,,39.7,67.1,30.0,17.3,Veneto,2014
308,19481.7,3.9,9.2,,,7.2,5.6,11.0,6.0,4.9,,42.8,65.1,25.9,18.2,Friuli-Venezia Giulia,2014
309,21381.2,4.7,10.1,,,7.3,8.4,11.0,5.0,8.4,,40.4,71.8,29.3,17.0,Emilia-Romagna,2014
310,19226.9,4.4,11.6,,,7.3,8.8,9.4,8.6,8.3,,34.6,66.7,25.5,18.1,Toscana,2014
311,17640.2,5.1,16.5,,,5.2,10.0,14.3,10.7,9.0,,38.5,66.8,25.3,21.6,Umbria,2014
312,17698.2,4.7,12.2,,,9.5,15.7,13.4,8.4,5.8,,35.8,65.7,23.6,22.9,Marche,2014
313,19226.3,6.5,18.5,,,7.3,8.7,16.9,9.2,10.3,,34.8,64.6,30.4,16.4,Lazio,2014
314,15394.5,5.0,22.0,,,9.5,10.5,22.8,11.6,7.4,,35.4,61.4,25.4,18.3,Abruzzo,2014
315,13797.8,4.6,32.1,,,8.9,5.5,10.1,15.6,7.4,,34.8,68.8,25.5,19.8,Molise,2014
316,12746.9,6.0,38.1,,,18.7,12.5,38.4,22.8,12.2,,20.6,57.0,24.3,19.2,Campania,2014
317,13272.6,5.9,25.8,,,23.2,12.5,24.9,16.6,4.8,,30.3,56.2,23.9,21.0,Puglia,2014
318,13140.4,4.9,25.6,,,15.1,7.0,12.7,19.6,7.7,,27.8,63.2,26.0,20.3,Basilicata,2014
319,12141.7,5.4,32.4,,,15.6,15.4,17.3,22.1,7.5,,33.6,62.2,25.3,18.7,Calabria,2014
320,12790.3,8.3,40.1,,,26.0,10.6,34.7,25.0,12.0,,27.2,57.9,22.2,19.8,Sicilia,2014
321,14649.6,6.3,25.9,,,14.7,10.2,28.7,19.4,7.8,,35.4,59.0,34.7,14.6,Sardegna,2014
322,20612.3,4.7,10.8,104870.0,5.7,7.1,7.7,10.4,6.5,7.6,,41.1,68.8,28.5,16.9,Nord,2014
323,20949.6,5.0,11.1,,5.6,8.1,7.8,11.5,7.4,8.4,,40.8,68.3,28.1,16.9,Nord-ovest,2014
324,20146.0,4.2,10.4,,5.9,5.8,7.6,9.0,5.3,6.6,,41.6,69.4,29.1,16.9,Nord-est,2014
325,18909.5,5.4,15.4,104314.0,5.5,7.4,9.7,13.9,9.0,9.0,,35.1,65.6,27.6,18.1,Centro,2014
326,13151.4,6.5,33.2,58216.0,9.0,19.9,11.8,30.0,21.0,9.4,,27.9,58.4,24.8,19.3,Mezzogiorno,2014
327,13104.7,5.8,31.6,,8.4,18.3,12.3,28.4,19.7,8.7,,27.3,58.4,24.5,19.6,Sud,2014
328,13249.4,8.1,36.6,,10.2,23.2,10.5,33.2,23.6,11.0,,29.3,58.2,25.3,18.5,Isole,2014
329,17711.4,5.8,19.4,88625.0,6.8,11.6,9.5,17.9,12.1,8.5,,35.4,64.5,27.1,18.0,Italia,2014
330,19961.2,4.8,11.9,,,6.6,8.5,9.5,6.7,8.2,,38.9,69.1,27.9,18.2,Piemonte,2015
331,20517.6,4.6,7.0,,,9.4,5.4,18.8,6.6,8.3,,48.1,71.2,32.8,16.3,Valle d'Aosta,2015
332,20610.9,5.3,15.9,,,11.6,7.7,18.5,8.7,10.8,,34.8,69.8,23.3,18.4,Liguria,2015
333,21886.0,5.5,11.1,,,6.4,8.5,12.4,5.3,8.5,,40.2,68.8,32.3,14.9,Lombardia,2015
334,22326.5,4.6,8.3,,,5.2,10.2,6.1,4.3,6.7,,58.9,79.3,26.8,11.7,Trentino-Alto Adige,2015
335,24181.1,4.0,6.4,,,,11.0,,,5.7,,62.1,81.5,21.8,12.0,Provincia Autonoma di Bolzano/Bozen,2015
336,20540.0,4.8,10.2,,,5.1,9.5,7.5,5.2,7.7,,55.9,77.3,31.5,11.4,Provincia Autonoma di Trento,2015
337,19172.0,4.3,10.9,,,3.6,8.7,5.7,7.2,4.5,,40.8,65.2,32.1,17.0,Veneto,2015
338,19914.1,4.1,8.2,,,4.9,5.4,10.1,7.8,3.9,,44.3,67.7,32.7,14.9,Friuli-Venezia Giulia,2015
339,21616.7,4.6,9.7,,,5.9,8.5,8.4,4.9,7.7,,38.9,68.2,30.4,16.5,Emilia-Romagna,2015
340,19389.6,4.7,9.6,,,8.9,7.7,8.4,7.1,6.8,,35.6,72.2,27.6,19.0,Toscana,2015
341,17790.2,5.0,18.4,,,10.4,12.3,11.9,11.7,9.0,,36.6,69.6,25.1,17.2,Umbria,2015
342,17907.8,5.2,13.9,,,10.8,12.1,10.1,9.1,6.2,,37.9,69.1,25.1,23.7,Marche,2015
343,19410.9,6.6,20.5,,,7.2,8.3,11.0,10.5,12.4,,33.0,67.6,29.5,17.6,Lazio,2015
344,15674.1,4.8,21.7,,,11.1,17.9,21.3,11.8,5.9,,36.1,65.5,30.8,17.0,Abruzzo,2015
345,14057.6,5.7,27.1,,,9.9,6.8,13.6,11.4,6.4,,25.8,68.7,21.8,21.4,Molise,2015
346,13000.4,8.4,35.5,,,16.3,13.0,28.5,19.4,9.9,,20.0,59.4,22.8,17.0,Campania,2015
347,13603.9,5.8,30.3,,,26.9,9.1,24.5,17.8,9.3,,31.2,62.0,23.1,17.5,Puglia,2015
348,13628.3,5.0,28.1,,,14.0,8.4,12.1,14.1,5.8,,25.9,65.2,27.8,15.6,Basilicata,2015
349,12329.7,8.2,33.8,,,15.7,17.5,22.0,16.6,8.5,,32.0,66.8,25.1,18.6,Calabria,2015
350,12968.5,9.2,42.3,,,27.3,10.5,28.1,28.3,11.3,,29.3,60.5,24.2,21.6,Sicilia,2015
351,14859.7,6.4,25.5,,,14.5,8.4,21.1,19.1,8.9,,34.9,62.7,32.0,14.7,Sardegna,2015
352,20907.8,4.9,11.0,,6.7,6.1,8.4,10.1,6.0,7.5,,40.5,68.5,30.5,16.1,Nord,2015
353,21223.6,5.3,11.8,,7.5,7.0,8.4,12.2,6.0,8.7,,39.3,69.0,30.2,16.2,Nord-ovest,2015
354,20471.4,4.4,9.9,,5.6,4.8,8.4,7.2,6.1,5.9,,42.0,67.9,31.0,16.1,Nord-est,2015
355,19089.1,5.8,16.1,,5.6,8.4,8.9,10.2,9.4,9.6,,34.7,69.4,28.0,18.8,Centro,2015
356,13400.3,7.5,34.0,,10.0,20.4,11.8,25.3,20.3,9.5,,28.1,61.9,24.8,18.2,Mezzogiorno,2015
357,13383.4,7.0,32.0,,9.4,18.6,12.6,24.7,17.5,8.9,,26.8,62.2,24.2,17.4,Sud,2015
358,13435.7,8.6,38.2,,11.3,24.2,10.0,26.4,26.1,10.7,,30.7,61.1,26.1,19.9,Isole,2015
359,17972.1,6.3,19.9,,7.6,11.5,9.6,15.4,11.7,8.6,,35.1,66.4,28.1,17.4,Italia,2015
360,20277.9,4.7,14.2,,,10.2,5.9,12.8,9.3,9.1,35.1,44.6,71.0,28.1,15.9,Piemonte,2016
361,20747.8,4.7,14.6,,,7.3,4.2,7.7,10.7,7.6,32.5,45.8,65.1,28.3,17.4,Valle d'Aosta,2016
362,20944.9,5.2,14.8,,,7.9,9.2,8.3,9.6,9.9,33.8,39.2,69.9,21.9,15.7,Liguria,2016
363,22196.8,5.4,13.3,,,6.1,7.8,8.8,7.2,8.9,31.0,46.8,71.2,29.4,14.5,Lombardia,2016
364,22849.2,4.4,11.0,,,6.2,5.3,4.4,5.7,8.2,20.2,59.8,77.9,29.7,11.0,Trentino-Alto Adige,2016
365,24950.1,3.7,6.0,,,,4.3,,,7.0,13.1,64.3,80.8,29.1,10.0,Provincia Autonoma di Bolzano/Bozen,2016
366,20818.2,4.8,15.7,,,9.9,6.3,6.1,9.0,9.3,26.9,55.5,75.1,30.2,12.0,Provincia Autonoma di Trento,2016
367,19686.8,4.2,12.2,,,5.0,4.3,3.9,6.7,6.6,38.1,44.6,68.7,28.5,16.1,Veneto,2016
368,20333.3,4.0,9.2,,,6.5,4.8,4.7,8.8,4.7,34.9,45.4,71.1,29.7,17.4,Friuli-Venezia Giulia,2016
369,21947.6,4.6,8.9,,,6.3,5.3,5.6,6.5,7.4,30.5,44.6,69.0,26.6,13.6,Emilia-Romagna,2016
370,19912.8,4.7,9.6,,,7.0,6.2,6.6,6.1,7.0,30.9,43.5,68.6,24.1,18.1,Toscana,2016
371,18016.0,4.1,15.5,,,8.5,13.0,8.0,8.5,7.4,40.4,41.2,65.8,28.7,18.0,Umbria,2016
372,18335.1,4.7,16.0,,,9.4,8.8,6.8,8.2,6.7,34.1,43.2,66.1,27.8,17.8,Marche,2016
373,19527.5,6.4,21.8,,,9.5,5.8,8.6,10.8,13.0,34.0,37.5,69.7,27.5,16.2,Lazio,2016
374,15767.7,5.0,20.5,,,15.1,12.8,14.6,9.9,6.0,33.8,43.9,66.1,26.7,15.6,Abruzzo,2016
375,14072.7,4.6,30.6,,,6.4,3.1,13.5,15.5,10.7,36.8,37.9,68.4,27.0,17.7,Molise,2016
376,13183.8,7.3,36.9,,,25.9,12.4,18.8,24.7,13.4,37.4,28.1,60.6,23.4,13.9,Campania,2016
377,13816.6,5.4,27.4,,,19.8,9.7,17.8,17.9,6.9,34.2,38.1,56.4,23.3,14.0,Puglia,2016
378,13663.8,5.2,27.7,,,14.0,10.0,18.6,12.5,6.7,36.8,34.5,64.4,24.5,15.0,Basilicata,2016
379,12513.5,6.9,34.6,,,16.0,7.7,12.8,21.4,9.9,40.5,38.5,62.3,25.7,14.4,Calabria,2016
380,13221.1,7.2,41.8,,,26.1,8.4,15.0,26.7,15.4,43.9,35.3,60.0,23.5,15.4,Sicilia,2016
381,14975.8,6.5,26.4,,,9.5,5.5,21.6,21.0,9.4,39.9,39.8,60.4,32.3,14.5,Sardegna,2016
382,21274.7,4.9,12.4,104892.0,6.7,6.7,6.3,7.7,7.5,8.1,32.7,45.7,70.5,28.2,15.0,Nord,2016
383,21539.7,5.2,13.7,,7.4,7.4,7.4,9.9,8.0,9.0,32.4,45.5,71.0,28.3,15.1,Nord-ovest,2016
384,20908.7,4.4,10.5,,5.6,5.8,4.8,4.7,6.7,6.9,33.1,46.0,69.9,28.0,14.8,Nord-est,2016
385,19382.2,5.4,16.8,102924.0,7.3,8.7,6.8,7.7,8.9,10.0,33.5,40.4,68.6,26.6,17.1,Centro,2016
386,13588.4,6.7,33.8,55603.0,9.8,21.2,9.7,17.0,21.9,11.3,38.6,35.1,60.4,24.7,14.6,Mezzogiorno,2016
387,13556.7,6.3,31.8,,9.5,20.8,10.7,17.1,20.3,10.0,36.5,34.4,60.5,24.2,14.3,Sud,2016
388,13655.0,7.3,38.0,,10.5,22.0,7.7,16.7,25.3,13.9,42.9,36.5,60.1,25.7,15.2,Isole,2016
389,18268.2,5.9,20.6,87451.0,7.9,12.1,7.6,10.9,12.8,9.6,34.8,41.0,66.6,26.6,15.3,Italia,2016
390,20851.5,4.9,14.0,,,9.0,5.7,8.9,7.5,7.2,33.2,42.9,65.8,26.5,17.5,Piemonte,2017
391,21115.5,4.2,13.8,,,7.3,,5.8,10.7,5.7,29.4,47.2,74.8,32.6,12.5,Valle d'Aosta,2017
392,21664.5,5.6,13.7,,,8.6,7.9,5.3,9.7,9.6,33.3,41.3,69.0,25.3,16.0,Liguria,2017
393,22818.2,5.0,13.6,,,6.4,4.2,7.0,7.0,7.8,28.7,46.2,70.5,31.6,13.2,Lombardia,2017
394,23383.7,4.9,9.4,,,4.2,3.9,2.5,3.7,5.7,16.5,62.3,79.4,26.3,11.3,Trentino-Alto Adige,2017
395,25637.4,4.2,6.0,,,2.5,2.7,,,6.4,12.1,67.0,84.2,26.1,9.9,Provincia Autonoma di Bolzano/Bozen,2017
396,21196.7,5.4,12.6,,,5.9,5.0,3.3,7.1,5.1,20.6,57.9,74.8,26.6,12.5,Provincia Autonoma di Trento,2017
397,20243.1,4.6,10.4,,,4.1,4.4,3.2,4.2,5.2,32.2,43.3,63.6,28.5,16.5,Veneto,2017
398,20624.3,3.8,9.3,,,6.0,4.0,5.0,8.2,4.2,33.2,43.4,70.5,29.0,16.8,Friuli-Venezia Giulia,2017
399,22583.2,4.5,10.5,,,5.9,4.1,4.8,6.5,6.3,27.5,44.0,66.8,29.6,17.6,Emilia-Romagna,2017
400,20241.9,5.0,12.9,,,6.8,2.6,4.8,7.1,7.0,29.2,42.3,69.7,26.7,16.6,Toscana,2017
401,18330.7,4.4,11.1,,,6.1,3.9,3.7,8.6,4.6,36.3,37.2,67.6,24.9,18.3,Umbria,2017
402,18654.5,4.4,15.8,,,11.0,6.9,6.4,7.9,4.5,32.0,40.3,66.2,24.8,18.5,Marche,2017
403,19811.7,6.4,20.1,,,8.0,6.4,6.5,10.4,9.4,29.7,36.9,68.5,28.3,12.9,Lazio,2017
404,16092.5,4.6,19.8,,,15.6,9.9,10.7,11.4,8.4,32.9,40.7,67.9,29.5,16.6,Abruzzo,2017
405,14230.4,5.1,31.0,,,9.1,7.1,8.3,14.2,4.2,32.0,36.0,72.0,23.6,17.7,Molise,2017
406,13309.9,7.5,34.3,,,18.6,8.6,18.4,23.5,13.7,34.9,24.9,60.1,26.1,12.9,Campania,2017
407,14107.0,5.6,26.2,,,15.1,7.3,12.9,12.6,5.4,31.6,36.3,58.3,24.1,15.0,Puglia,2017
408,13803.4,6.4,27.9,,,8.4,6.5,10.3,14.8,6.7,25.9,36.7,63.1,23.9,13.1,Basilicata,2017
409,12920.0,7.6,36.4,,,13.9,4.2,12.5,22.4,8.8,38.9,34.6,66.1,23.9,16.0,Calabria,2017
410,13542.1,8.2,41.3,,,20.3,4.9,10.9,23.7,11.7,43.5,31.9,56.3,20.9,19.1,Sicilia,2017
411,15030.2,6.4,29.6,,,9.0,5.9,14.1,22.2,10.5,38.9,41.4,62.3,29.3,13.9,Sardegna,2017
412,21867.8,4.9,12.2,,7.0,6.3,4.6,5.9,6.6,6.9,29.9,45.0,68.2,29.3,15.4,Nord,2017
413,22157.8,5.1,13.7,,7.6,7.3,4.9,7.3,7.4,7.8,30.4,44.8,69.1,29.6,14.6,Nord-ovest,2017
414,21467.5,4.5,10.2,,6.2,5.0,4.2,4.0,5.4,5.6,29.1,45.3,67.0,28.8,16.5,Nord-est,2017
415,19688.0,5.5,16.6,,6.4,7.9,5.1,5.7,9.0,7.7,30.3,39.0,68.5,27.1,15.2,Centro,2017
416,13828.0,7.0,33.1,,11.4,16.5,6.8,13.7,20.2,10.2,36.7,32.6,60.3,24.6,15.5,Mezzogiorno,2017
417,13788.7,6.7,30.6,,10.8,16.0,7.6,14.7,18.7,9.6,33.8,31.8,61.5,25.4,14.4,Sud,2017
418,13910.8,8.0,38.4,,12.7,17.5,5.1,11.7,23.4,11.4,42.3,34.3,57.8,23.0,17.8,Isole,2017
419,18690.3,6.1,20.3,,8.4,10.1,5.5,8.6,11.8,8.2,32.1,39.6,65.6,27.2,15.4,Italia,2017
420,21284.8,5.1,14.2,,,4.2,3.3,8.5,8.9,7.4,29.3,43.9,67.6,27.1,14.7,Piemonte,2018
421,21528.9,3.7,12.0,,,3.2,,6.9,5.6,4.1,26.2,51.6,67.7,30.3,13.3,Valle d'Aosta,2018
422,21780.0,4.9,14.0,,,4.4,3.1,4.5,7.3,10.3,27.6,44.8,70.4,27.3,15.5,Liguria,2018
423,22962.4,5.1,11.1,,,3.1,4.1,7.8,6.2,6.9,26.4,47.7,71.0,32.9,12.8,Lombardia,2018
424,23922.9,4.5,12.3,,,2.2,6.2,3.6,5.3,5.8,16.4,61.4,78.1,29.0,9.1,Trentino-Alto Adige,2018
425,26213.4,4.9,9.2,,,2.8,7.3,6.0,3.1,5.4,10.7,66.7,81.2,26.6,9.5,Provincia Autonoma di Bolzano/Bozen,2018
426,21692.8,4.0,15.3,,,,5.2,,7.7,6.1,22.0,56.3,75.1,31.3,8.7,Provincia Autonoma di Trento,2018
427,20776.9,4.0,11.0,,,3.6,2.8,4.0,4.8,6.5,28.2,47.5,66.1,32.5,12.8,Veneto,2018
428,21107.6,4.2,8.2,,,3.6,3.2,11.7,5.7,3.7,27.5,44.9,67.2,30.0,13.3,Friuli-Venezia Giulia,2018
429,22925.2,4.6,10.1,,,2.9,3.6,5.2,6.2,6.3,25.6,46.0,68.1,32.2,12.7,Emilia-Romagna,2018
430,20816.0,4.8,14.4,,,5.3,2.8,4.8,6.0,6.1,25.6,42.1,67.7,30.8,13.8,Toscana,2018
431,18854.9,4.1,12.5,,,4.2,5.8,7.4,8.8,4.5,30.9,41.8,66.3,26.7,15.1,Umbria,2018
432,19149.8,4.4,11.7,,,4.8,5.2,5.2,5.8,4.5,26.2,44.2,68.7,28.8,14.7,Marche,2018
433,20282.8,5.8,19.3,,,7.8,7.7,7.3,10.9,10.5,30.8,35.6,66.5,29.9,15.1,Lazio,2018
434,16411.3,4.7,18.7,,,11.3,9.1,7.9,10.7,7.0,28.3,42.3,66.3,26.8,13.8,Abruzzo,2018
435,14613.3,5.6,23.5,,,4.7,2.0,5.4,9.8,5.5,31.9,36.9,66.2,25.2,16.5,Molise,2018
436,13651.8,7.9,41.4,,,20.2,7.3,26.7,20.9,14.9,29.7,26.7,60.9,24.6,12.2,Campania,2018
437,14518.7,6.2,26.8,,,12.8,5.9,11.7,13.4,6.4,28.1,36.2,61.8,25.5,12.7,Puglia,2018
438,14273.4,4.4,30.1,,,12.2,4.6,13.4,17.3,9.2,26.7,44.1,64.5,27.8,10.6,Basilicata,2018
439,13268.9,5.7,32.7,,,15.3,6.2,8.1,14.2,8.2,29.1,37.9,61.4,28.3,11.1,Calabria,2018
440,13863.5,8.7,40.7,,,20.9,5.3,11.5,25.8,10.7,35.0,37.4,60.5,23.7,15.8,Sicilia,2018
441,15620.8,6.2,27.1,,,10.3,9.2,19.3,19.3,7.6,36.7,41.7,63.6,31.2,12.5,Sardegna,2018
442,22190.1,4.8,11.5,,6.9,3.4,3.6,6.6,6.4,6.8,26.8,47.0,69.2,31.2,13.1,Nord,2018
443,22382.6,5.1,12.2,,7.2,3.5,3.7,7.6,7.0,7.3,27.3,46.4,70.0,30.7,13.6,Nord-ovest,2018
444,21924.9,4.3,10.5,,6.5,3.2,3.5,5.3,5.5,6.1,26.1,47.9,68.1,31.8,12.5,Nord-est,2018
445,20198.7,5.2,16.3,,6.6,6.4,5.7,6.2,8.6,8.0,28.6,39.2,67.1,29.8,14.6,Centro,2018
446,14201.7,7.2,34.4,,11.4,16.7,6.5,15.8,19.0,10.2,31.1,35.1,61.7,25.7,13.2,Mezzogiorno,2018
447,14155.3,6.8,33.0,,11.1,15.9,6.7,17.0,16.6,10.4,28.9,33.4,62.0,25.7,12.4,Sud,2018
448,14299.8,8.4,37.3,,12.0,18.3,6.3,13.4,24.2,9.9,35.4,38.5,61.3,25.6,14.9,Isole,2018
449,19076.2,6.0,20.3,,8.4,8.5,5.0,9.7,11.3,8.2,28.6,41.4,66.2,29.0,13.4,Italia,2018
450,21470.9,5.0,13.4,,,3.1,3.6,4.2,7.0,8.7,27.6,48.7,71.8,30.4,12.9,Piemonte,2019
451,21726.6,3.3,6.1,,,,3.5,,3.5,5.0,25.6,54.7,71.6,28.1,12.3,Valle d'Aosta,2019
452,22064.7,5.0,13.4,,,3.0,4.8,4.0,8.0,9.6,25.0,42.7,70.9,25.2,15.3,Liguria,2019
453,23224.2,4.8,12.0,,,4.7,4.9,4.7,5.3,8.1,22.4,47.4,71.8,34.0,10.4,Lombardia,2019
454,24059.6,4.3,8.7,,,3.0,4.0,3.7,4.4,6.1,15.7,62.2,79.5,30.0,9.0,Trentino-Alto Adige,2019
455,26271.7,4.7,9.5,,,,4.4,,3.2,8.4,10.0,67.1,83.2,24.4,8.6,Provincia Autonoma di Bolzano/Bozen,2019
456,21900.8,4.0,8.0,,,5.0,3.6,7.1,5.5,3.8,21.2,57.6,76.0,35.3,9.3,Provincia Autonoma di Trento,2019
457,20854.6,4.0,8.7,,,1.7,3.1,2.3,3.6,3.7,28.8,43.6,65.8,27.9,13.5,Veneto,2019
458,21346.9,4.5,8.4,,,4.1,1.8,2.9,5.7,5.3,23.6,46.5,68.9,31.5,11.7,Friuli-Venezia Giulia,2019
459,22963.6,4.2,10.9,,,4.0,4.8,3.7,4.9,7.6,22.8,44.1,68.8,28.1,15.3,Emilia-Romagna,2019
460,20916.0,4.8,14.3,,,3.4,3.9,4.3,6.9,5.3,26.2,42.6,69.9,29.5,13.7,Toscana,2019
461,18958.0,4.1,9.8,,,1.8,6.9,2.4,4.0,4.2,30.3,47.4,69.3,30.4,14.0,Umbria,2019
462,19273.7,3.8,13.6,,,4.0,5.6,3.4,6.2,4.3,24.4,43.2,67.5,26.4,15.0,Marche,2019
463,20426.8,5.9,17.2,,,7.8,5.5,8.1,8.8,8.9,28.6,41.1,68.9,32.7,10.8,Lazio,2019
464,16505.3,4.4,19.5,,,6.2,11.9,12.8,6.9,4.9,27.5,47.1,65.0,29.1,10.2,Abruzzo,2019
465,14877.4,8.6,26.5,,,12.0,7.9,13.3,13.2,9.5,25.1,43.0,68.9,26.9,13.0,Molise,2019
466,13856.9,7.2,41.2,,,16.6,6.9,25.9,18.6,14.6,23.5,31.6,64.2,31.4,10.5,Campania,2019
467,14706.4,5.4,30.4,,,11.9,6.1,10.3,13.2,8.3,25.8,41.2,66.7,26.1,11.1,Puglia,2019
468,14552.2,4.6,27.1,,,8.8,4.9,9.2,11.5,5.8,23.4,40.3,67.2,28.3,9.3,Basilicata,2019
469,13479.6,6.5,30.9,,,8.6,3.8,8.3,12.3,6.7,28.1,39.5,62.4,29.8,13.3,Calabria,2019
470,14135.7,7.3,41.4,,,17.8,5.1,12.4,25.0,16.7,30.3,41.9,62.5,26.4,12.3,Sicilia,2019
471,15883.6,6.9,22.9,,,8.0,3.4,11.2,15.6,9.1,28.4,44.4,63.7,35.8,9.0,Sardegna,2019
472,22368.5,4.6,11.2,,6.8,3.6,4.2,3.9,5.3,7.2,24.3,46.7,70.4,30.6,12.4,Nord,2019
473,22628.0,4.9,12.4,,6.8,4.1,4.5,4.5,6.0,8.4,24.1,47.3,71.7,32.1,11.6,Nord-ovest,2019
474,22011.6,4.2,9.5,,6.6,2.9,3.7,3.0,4.4,5.6,24.7,45.7,68.5,28.6,13.6,Nord-est,2019
475,20323.8,5.2,15.3,,5.6,5.5,5.1,5.9,7.6,6.8,27.4,42.3,69.0,30.7,12.5,Centro,2019
476,14420.7,6.7,34.7,,10.1,13.6,6.0,15.3,17.3,11.7,26.8,39.2,64.3,29.1,11.2,Mezzogiorno,2019
477,14350.0,6.4,33.7,,10.5,12.7,6.6,16.7,14.8,10.3,25.3,37.6,65.0,29.2,11.0,Sud,2019
478,14569.9,7.3,36.8,,9.4,15.4,4.7,12.1,22.8,14.8,29.8,42.5,62.8,28.8,11.5,Isole,2019
479,19267.3,5.7,20.1,,7.7,7.4,5.0,8.2,10.0,8.7,25.8,43.2,68.0,30.1,12.0,Italia,2019
480,20898.8,,13.5,,,4.4,8.7,4.6,8.2,8.5,31.7,44.0,68.8,26.6,16.1,Piemonte,2020
481,21168.4,,,,,,9.7,,,4.4,25.5,54.0,75.2,30.6,13.9,Valle d'Aosta,2020
482,21421.1,,16.3,,,4.7,5.9,5.5,6.5,7.5,29.2,46.2,73.0,27.0,13.9,Liguria,2020
483,22456.1,,11.4,,,3.9,4.4,6.8,6.5,5.4,28.7,48.8,71.4,31.8,11.6,Lombardia,2020
484,23130.1,,9.9,,,1.4,5.4,2.1,3.2,7.3,21.3,61.8,77.9,28.5,11.2,Trentino-Alto Adige,2020
485,25149.7,,8.4,,,,6.4,2.6,3.7,8.7,16.9,61.9,78.8,25.1,13.4,Provincia Autonoma di Bolzano/Bozen,2020
486,21147.7,,11.3,,,,4.4,,2.6,5.8,25.7,61.7,77.0,31.8,9.1,Provincia Autonoma di Trento,2020
487,20211.5,,10.3,,,2.0,4.7,3.4,5.6,4.6,30.0,48.4,72.6,29.4,13.1,Veneto,2020
488,20958.7,,14.6,,,3.7,2.5,4.2,5.3,5.3,29.5,49.4,70.4,29.1,15.4,Friuli-Venezia Giulia,2020
489,22139.5,,8.5,,,1.3,3.1,4.1,4.5,5.0,27.3,48.2,72.9,28.7,14.5,Emilia-Romagna,2020
490,20117.4,,14.1,,,2.2,5.4,3.4,6.1,6.8,32.1,43.6,72.1,26.0,17.4,Toscana,2020
491,18495.6,,9.5,,,3.7,7.7,2.8,4.8,5.5,24.8,44.6,73.5,26.1,14.8,Umbria,2020
492,18935.1,,11.9,,,4.8,5.2,5.0,6.6,3.5,26.6,47.2,71.1,25.4,16.0,Marche,2020
493,19906.8,,19.4,,,7.1,7.5,4.3,10.2,6.9,31.9,40.7,66.3,29.8,11.2,Lazio,2020
494,16143.1,,23.2,,,6.1,12.9,16.6,6.3,5.0,27.2,43.0,67.1,27.8,11.9,Abruzzo,2020
495,14827.7,,35.7,,,,7.0,21.3,23.0,6.5,27.1,44.0,71.9,25.2,9.4,Molise,2020
496,13829.7,,39.7,,,14.0,7.9,33.0,25.6,9.5,28.4,31.7,66.8,31.4,8.9,Campania,2020
497,14620.2,,25.9,,,10.4,6.0,8.6,13.8,9.1,28.7,42.8,67.5,28.6,12.2,Puglia,2020
498,14453.8,,36.5,,,5.4,,,16.8,6.0,21.2,45.6,65.5,27.1,11.6,Basilicata,2020
499,13374.1,,36.0,,,9.1,3.0,6.9,8.8,8.0,24.9,47.2,67.3,23.4,13.0,Calabria,2020
500,14104.8,,38.2,,,9.5,7.7,13.1,23.2,12.5,29.8,39.8,60.7,24.1,12.5,Sicilia,2020
501,15583.4,,28.6,,,5.1,9.4,12.2,18.7,8.5,26.8,46.4,69.9,32.5,9.1,Sardegna,2020
502,21663.1,,11.4,,9.3,3.1,5.0,5.0,6.1,5.9,29.0,48.3,71.7,29.5,13.3,Nord,2020
503,21927.9,,12.4,,10.1,4.1,5.8,6.0,6.9,6.4,29.5,47.3,70.9,29.9,13.0,Nord-ovest,2020
504,21299.4,,10.0,,8.2,1.9,3.9,3.6,4.9,5.1,28.1,49.6,72.9,29.0,13.7,Nord-est,2020
505,19745.1,,16.0,,6.6,5.0,6.5,4.0,8.1,6.4,30.8,42.7,69.3,27.8,14.0,Centro,2020
506,14328.9,,34.1,,11.1,10.1,7.5,17.4,19.2,9.5,28.0,39.8,65.8,28.0,11.1,Mezzogiorno,2020
507,14261.3,,33.4,,11.7,10.9,7.1,19.5,17.9,8.5,27.5,39.0,67.1,28.8,10.8,Sud,2020
508,14471.5,,35.6,,9.8,8.4,8.2,12.8,22.0,11.4,29.0,41.5,63.0,26.2,11.7,Isole,2020
509,18804.5,,20.0,,9.4,5.9,6.1,9.0,11.0,7.2,29.0,44.3,69.2,28.7,12.7,Italia,2020
510,,,,,,,,,,,30.8,45.6,56.2,29.4,13.1,Piemonte,2021
511,,,,,,,,,,,33.1,51.7,61.6,33.3,12.4,Valle d'Aosta,2021
512,,,,,,,,,,,27.8,46.0,56.7,28.1,12.0,Liguria,2021
513,,,,,,,,,,,28.8,48.5,56.9,32.6,9.2,Lombardia,2021
514,,,,,,,,,,,26.1,60.8,66.1,30.2,9.9,Trentino-Alto Adige,2021
515,,,,,,,,,,,24.2,63.0,66.9,29.3,10.0,Provincia Autonoma di Bolzano/Bozen,2021
516,,,,,,,,,,,28.0,58.6,65.3,31.0,9.8,Provincia Autonoma di Trento,2021
517,,,,,,,,,,,30.7,48.5,59.1,32.3,11.7,Veneto,2021
518,,,,,,,,,,,30.7,49.2,56.8,30.9,13.3,Friuli-Venezia Giulia,2021
519,,,,,,,,,,,28.8,47.7,58.1,33.0,12.1,Emilia-Romagna,2021
520,,,,,,,,,,,35.0,47.2,58.0,30.2,10.6,Toscana,2021
521,,,,,,,,,,,28.9,43.4,57.7,31.7,11.4,Umbria,2021
522,,,,,,,,,,,31.3,44.4,60.5,29.0,13.2,Marche,2021
523,,,,,,,,,,,31.5,45.5,57.1,36.2,10.6,Lazio,2021
524,,,,,,,,,,,30.5,45.9,58.3,31.0,9.5,Abruzzo,2021
525,,,,,,,,,,,26.8,45.5,59.0,27.6,11.8,Molise,2021
526,,,,,,,,,,,30.6,40.6,51.9,35.9,7.5,Campania,2021
527,,,,,,,,,,,30.8,39.5,53.5,27.8,9.2,Puglia,2021
528,,,,,,,,,,,26.4,42.4,55.6,31.2,9.9,Basilicata,2021
529,,,,,,,,,,,30.2,49.6,59.7,29.5,8.4,Calabria,2021
530,,,,,,,,,,,33.1,43.2,52.6,29.1,8.1,Sicilia,2021
531,,,,,,,,,,,31.7,48.7,57.9,36.4,8.7,Sardegna,2021
532,,,,,8.2,,,,,,29.4,48.3,57.7,31.7,11.1,Nord,2021
533,,,,,,,,,,,29.3,47.5,56.7,31.3,10.5,Nord-ovest,2021
534,,,,,,,,,,,29.6,49.4,59.1,32.2,11.8,Nord-est,2021
535,,,,,7.3,,,,,,32.4,45.8,57.9,33.1,11.0,Centro,2021
536,,,,,12.1,,,,,,31.1,43.0,54.2,31.6,8.4,Mezzogiorno,2021
537,,,,,,,,,,,30.3,42.2,54.4,31.8,8.5,Sud,2021
538,,,,,,,,,,,32.7,44.6,53.9,31.0,8.3,Isole,2021
539,,,,,9.4,,,,,,30.6,46.0,56.6,31.9,10.2,Italia,2021
540,,,,,,,,,,,,,,,,Piemonte,2022
541,,,,,,,,,,,,,,,,Valle d'Aosta,2022
542,,,,,,,,,,,,,,,,Liguria,2022
543,,,,,,,,,,,,,,,,Lombardia,2022
544,,,,,,,,,,,,,,,,Trentino-Alto Adige,2022
545,,,,,,,,,,,,,,,,Provincia Autonoma di Bolzano/Bozen,2022
546,,,,,,,,,,,,,,,,Provincia Autonoma di Trento,2022
547,,,,,,,,,,,,,,,,Veneto,2022
548,,,,,,,,,,,,,,,,Friuli-Venezia Giulia,2022
549,,,,,,,,,,,,,,,,Emilia-Romagna,2022
550,,,,,,,,,,,,,,,,Toscana,2022
551,,,,,,,,,,,,,,,,Umbria,2022
552,,,,,,,,,,,,,,,,Marche,2022
553,,,,,,,,,,,,,,,,Lazio,2022
554,,,,,,,,,,,,,,,,Abruzzo,2022
555,,,,,,,,,,,,,,,,Molise,2022
556,,,,,,,,,,,,,,,,Campania,2022
557,,,,,,,,,,,,,,,,Puglia,2022
558,,,,,,,,,,,,,,,,Basilicata,2022
559,,,,,,,,,,,,,,,,Calabria,2022
560,,,,,,,,,,,,,,,,Sicilia,2022
561,,,,,,,,,,,,,,,,Sardegna,2022
562,,,,,,,,,,,,,,,,Nord,2022
563,,,,,,,,,,,,,,,,Nord-ovest,2022
564,,,,,,,,,,,,,,,,Nord-est,2022
565,,,,,,,,,,,,,,,,Centro,2022
566,,,,,,,,,,,,,,,,Mezzogiorno,2022
567,,,,,,,,,,,,,,,,Sud,2022
568,,,,,,,,,,,,,,,,Isole,2022
569,,,,,,,,,,,,,,,,Italia,2022
